electricity_cost_usd_month,water_production_AF_month,fixed_cost_usd_month
34060.18924262634,0.2463785387683627,366000
65767.51114979835,47.089041095890046,366000
119804.6896371585,94.17808219178055,366000
173896.69572454598,142.15357302104564,366000
226862.38506837236,188.36323673671174,366000
288381.40239426005,235.4452054794502,366000
340001.20830824535,282.53424657535766,366000
