water_production_AF_month,electricity_cost_usd_month,fixed_cost_usd_month
0.0,170632.46238687783,366000
108.914096847943,227362.0456720449,366000
175.2096340597346,258362.13060784136,366000
262.77626241609056,297892.8227460977,366000
