water_production_AF_month,electricity_cost_usd_month,fixed_cost_usd_month
0.0763773470181924,167655.1510420299,366000
108.6849648068881,208578.8587777096,366000
226.5352112559542,240075.1821548793,366000
339.91738290446074,278452.1828237555,366000
433.1741236136824,309095.6549025909,366000
