water_production_AF_month,electricity_cost_usd_month,fixed_cost_usd_month
0.063647789181827,133288.7042600374,366000
98.52677765346836,176569.14400473575,366000
194.63493931802552,210071.95743377792,366000
291.95240897704105,249459.7233461026,366000
