water_production_AF_month,electricity_cost_usd_month,fixed_cost_usd_month
0.07637734701819243,60846.21998778341,366000
64.84436761844547,122387.5981835536,366000
129.1922824812731,184871.33363788377,366000
197.12993265395602,227163.1965095386,366000
258.3463762890348,282593.5592608816,366000
322.92342319291856,336664.1071515888,366000
387.5004700968005,395498.5326005892,366000
452.0775170006834,448483.019270443,366000
