electricity_cost_usd_month,water_production_AF_month,fixed_cost_usd_month
24189.710431026742,0.2463785387683627,366000
45450.77681795848,47.089041095890636,366000
67747.87968607366,94.17808219177962,366000
88847.91729014248,141.26712328766604,366000
110379.2672115127,188.35616438355302,366000
132606.6960735886,235.4452054794505,366000
181740.56866954584,282.5342465753575,366000
