electricity_cost_usd_month,water_production_AF_month,fixed_cost_usd_month
20500.76298255319,0.2463785387683627,366000
38063.7531518391,47.08904109589004,366000
58849.44286852772,94.17808219178089,366000
80164.95748928525,141.26712328767047,366000
102051.84990986172,188.35616438355376,366000
123506.57246516914,235.4452054794477,366000
153574.14079774485,282.53424657535726,366000
