electricity_cost_usd_month,water_production_AF_month,fixed_cost_usd_month
32735.131068260103,0.2463785387683627,366000
67066.73434769915,47.08904109589005,366000
108212.81468691702,94.17808219178089,366000
150304.662637057,141.26712328767044,366000
193159.20730625867,188.35616438355726,366000
235527.81848716072,235.44520547944762,366000
286829.56533361494,282.5342465753575,366000
