electricity_cost_usd_month,water_production_AF_month,fixed_cost_usd_month
18183.21935642562,0.2463785387683627,366000
39331.83396894498,47.0890410958901,366000
60966.186916503626,94.17808219177822,366000
82254.16038827991,142.91357009354883,366000
103015.4420810286,188.356164383554,366000
124906.1895983226,235.44520547945083,366000
157318.2280903044,282.53424657535743,366000
