electricity_cost_usd_month,water_production_AF_month,fixed_cost_usd_month
42386.113287535176,0.2463785387683627,366000
67374.78689326608,47.08904109589035,366000
109765.55715649924,94.17808219178123,366000
153686.56884865445,141.26712328767027,366000
199339.0086044075,188.41798752310484,366000
242841.6496485313,235.4452054794529,366000
361819.3127785809,282.53424657535714,366000
