electricity_cost_usd_month,water_production_AF_month,fixed_cost_usd_month
10363.616239112802,0.2463785387683627,366000
19111.398415839165,47.08904109589035,366000
27943.951213702298,94.1780821917782,366000
36891.53762320775,141.2671232876653,366000
45688.81934866628,188.35616438355348,366000
57050.25216551186,235.4452054794563,366000
90661.76919336226,282.5342465753571,366000
