electricity_cost_usd_month,water_production_AF_month,fixed_cost_usd_month
50732.44614351836,0.2463785387683627,366000
115869.05124428464,47.0890410958899,366000
193922.21433469065,94.1780821917815,366000
269768.1449419825,141.26712328766632,366000
346668.04104694026,188.50011370269414,366000
430434.4121670439,235.44520547945004,366000
504477.726772436,282.53424657535385,366000
