electricity_cost_usd_month,water_production_AF_month,fixed_cost_usd_month
50111.24832650083,0.0,366000
127968.05170953598,47.99043304309763,366000
205719.35806901532,96.42640061046806,366000
279778.2686040977,142.12551324301995,366000
355525.13151604857,189.35217281593577,366000
429689.5390746847,235.46499607816943,366000
505647.3960337418,282.5643600727215,366000
