electricity_cost_usd_month,water_production_AF_month,fixed_cost_usd_month
19780.186200849712,0.2463785387683627,366000
31441.56721685737,47.08904109589035,366000
51224.50326062431,94.17808219178123,366000
71714.05633253377,141.2671232876703,366000
93024.87068205682,188.41798752310484,366000
113326.10316931458,235.4452054794529,366000
168849.01263000394,282.53424657535714,366000
