electricity_cost_usd_month,water_production_AF_month,fixed_cost_usd_month
24181.771224596552,0.2463785387683627,366000
44824.17755646773,47.08904109589061,366000
65169.07638126878,94.17808219177803,366000
86080.2544541512,141.2671232876653,366000
106423.71385494297,188.35616438355328,366000
133127.21350211182,235.44520547945626,366000
211544.12811784583,282.5342465753572,366000
