cost,risk_months_supply
1005077900.9749445,21.909411235265317
1188427311.5018241,29.905570630133163
1031366254.4312652,22.543358184402763
1134176299.51891,27.745808209161737
1083778525.8929334,25.72196287931043
1088184439.6776385,25.956366589677675
1159498189.7382185,28.940724488004207
1173868701.0624897,29.336000770085235
