electricity_cost_usd_month,water_production_AF_month,fixed_cost_usd_month
10390.411060814646,0.2463785387683627,366000
22372.041854849747,47.089041095890224,366000
34837.82109514475,94.17808219177822,366000
46592.88702521024,141.26712328766362,366000
58872.30457754082,188.3561643835536,366000
71374.96548475548,235.44520547945075,366000
90098.49547817543,282.53424657535754,366000
