electricity_cost_usd_month,water_production_AF_month,fixed_cost_usd_month
46764.47295465759,0.2463785387683627,366000
95809.62049671324,47.08904109589005,366000
154613.33963734837,94.17808219178086,366000
214720.94662436697,141.26712328767044,366000
276036.86314170226,188.35616438355794,366000
336468.3121245152,235.44520547944768,366000
409756.52190516354,282.5342465753575,366000
