electricity_cost_usd_month,water_production_AF_month,fixed_cost_usd_month
10423.160287339202,0.2463785387683627,366000
25988.80972608293,47.08904109588965,366000
41341.40572280143,94.17808219177955,366000
57432.654749757865,142.81058245776117,366000
72269.02500049511,188.36323673671157,366000
88548.34645677495,235.44520547945027,366000
103903.20761903572,282.5342465753542,366000
