water_production_AF_month,electricity_cost_usd_month,fixed_cost_usd_month
0.16425235917890846,42990.14303466046,366000
72.98801369862886,89079.28830856207,366000
145.97602739725696,136145.06850843548,366000
218.9640410958335,184914.3786825508,366000
291.9520547945374,289236.7272392672,366000
