water_production_AF_month,electricity_cost_usd_month,fixed_cost_usd_month
0.16425235917890846,35168.39141143328,366000
72.98801369863094,69448.52742715503,366000
145.9760273972578,111761.8713467064,366000
218.9640410958896,158493.8863610099,366000
291.95205479453745,215272.1783524549,366000
