electricity_cost_usd_month,water_production_AF_month,fixed_cost_usd_month
18026.35908947176,0.0,366000
45940.87152192549,47.99043304309763,366000
73351.87543287074,96.42640061046806,366000
101918.78005221396,142.63469555647458,366000
127891.91848271602,189.35217281593577,366000
154537.58944096742,235.46499607816943,366000
182331.2598282593,282.5643600727215,366000
