water_production_AF_month,electricity_cost_usd_month,fixed_cost_usd_month
0.3942056620292632,96097.88239466707,366000
162.4315068493134,193894.8448202273,366000
324.86301369862656,291445.7025490363,366000
487.2945205479584,384773.0927536023,366000
649.7260273972381,526270.3937042464,366000
