water_production_AF_month,electricity_cost_usd_month,fixed_cost_usd_month
0.5256075493725068,101827.74303789213,366000
216.57534246575224,195665.98209252008,366000
433.1506849315005,312096.4683850553,366000
649.7260273973017,437732.7075867989,366000
866.3013698629795,574573.4507382741,366000
