electricity_cost_usd_month,water_production_AF_month,fixed_cost_usd_month
24121.36421914959,0.2463785387683627,366000
37159.68256841277,47.089041095890664,366000
50323.43171263244,94.17808219177833,366000
64287.86436229476,141.26712328766746,366000
77305.34560657338,188.35616438355322,366000
98700.75225882365,235.44520547945612,366000
197938.4352356814,282.5342465753559,366000
