electricity_cost_usd_month,water_production_AF_month,fixed_cost_usd_month
10497.984231610262,0.2463785387683627,366000
14776.108858500276,48.96773458021186,366000
18653.676802238188,94.17808219177998,366000
22776.44579176608,141.26712328766828,366000
26997.694958697062,188.35616438355981,366000
56096.08659127925,235.44520547945385,366000
92039.45929470562,282.5342465753549,366000
