water_production_AF_month,electricity_cost_usd_month,fixed_cost_usd_month
0.19710283101469014,40560.41695988152,366000
87.58561643835706,79586.28462838834,366000
175.17123287671257,126843.71414780234,366000
262.75684931506527,180953.9360467689,366000
350.34246575341564,243285.3507871808,366000
