water_production_AF_month,electricity_cost_usd_month,fixed_cost_usd_month
0.19710283101469014,49946.89309338794,366000
87.58561643835726,101847.95943449388,366000
175.17123287671822,154826.25407804936,366000
262.75684931506936,209744.4562302837,366000
350.3424657534147,327122.61627635977,366000
