water_production_AF_month,electricity_cost_usd_month,fixed_cost_usd_month
0.21900314557187794,56060.32551263132,366000
97.31735159817441,118658.50989913275,366000
194.63470319634726,179682.44330625937,366000
291.95205479450766,240480.76015950763,366000
389.2694063926739,375647.9992008529,366000
