water_production_AF_month,electricity_cost_usd_month,fixed_cost_usd_month
0.21900314557187794,45630.10399944704,366000
97.31735159817391,90904.70422229156,366000
194.63470319634712,148209.39132612804,366000
291.9520547945126,212024.0458363185,366000
389.269406392674,283085.072575271,366000
