water_production_AF_month,electricity_cost_usd_month,fixed_cost_usd_month
0.26280377468625354,65330.55619381423,366000
108.28767123287518,130044.6147326705,366000
216.5753424657586,194801.8313392344,366000
324.8630136986291,257217.01365255527,366000
433.1506849314863,364540.4971694796,366000
