water_production_AF_month,electricity_cost_usd_month,fixed_cost_usd_month
0.5256075493725068,126865.20859551964,366000
216.57534246575287,256979.27973013185,366000
433.15068493152,373431.8104936973,366000
649.7260273972353,508206.1322296421,366000
866.3013698629678,686437.6531981684,366000
