water_production_AF_month,electricity_cost_usd_month,fixed_cost_usd_month
0.5256075493725068,133390.18532185172,366000
129.15851272015615,209848.76948574663,366000
258.31702544031896,282759.43758523854,366000
387.4755381604629,353225.618471758,366000
516.634050880685,426364.016793054,366000
645.792563600841,512592.5358711743,366000
774.9510763209075,595590.9269179231,366000
904.109589041073,796264.4388948628,366000
