electricity_cost_usd_month,water_production_AF_month,fixed_cost_usd_month
23675.141533641898,0.2463785387683627,366000
54072.22391399939,47.0890410958899,366000
90167.39215996838,94.22610338230015,366000
125891.8009729256,141.26712328766632,366000
161757.38952797686,188.47273830949766,366000
200869.39234462095,235.44520547945004,366000
235422.9391604704,282.5342465753545,366000
