electricity_cost_usd_month,water_production_AF_month,fixed_cost_usd_month
24320.707337124768,0.2463785387683627,366000
60640.55602752731,47.08904109588965,366000
96893.51046096356,94.17808219178224,366000
134200.50978491988,143.3033395352979,366000
168627.72500115607,188.36323673671154,366000
206612.80839914197,235.4452054794506,366000
242440.8177777502,282.5342465753545,366000
