electricity_cost_usd_month,water_production_AF_month,fixed_cost_usd_month
18371.47240531797,0.2463785387683627,366000
25434.53244686044,47.10620784285113,366000
32645.123615823915,94.17808219177998,366000
39816.51008627266,141.26712328766803,366000
47245.96617771976,188.35616438355996,366000
98168.15153474212,235.44520547945626,366000
161069.05376573504,282.5342465753549,366000
