electricity_cost_usd_month,water_production_AF_month,fixed_cost_usd_month
26386.401443441715,1.8067759509679933,366000
31128.039970815556,47.089041095890195,366000
44552.65052725273,94.17808219178114,366000
58893.54310387098,141.2671232876694,366000
73367.62809818056,188.35616438355592,366000
98458.57339464476,235.44520547945626,366000
218235.51106349565,282.53424657535356,366000
