water_production_AF_month,electricity_cost_usd_month,fixed_cost_usd_month
0.2291320410545768,337383.1776209634,366000
225.73324911226885,413723.31652309786,366000
433.1741236136777,479311.593195556,366000
650.0857891453446,547427.9891915192,366000
866.3100585538522,614535.1642774453,366000
