electricity_cost_usd_month,water_production_AF_month,fixed_cost_usd_month
21823.420712173483,0.2463785387683627,366000
44719.79318080297,47.08904109589006,366000
72156.06306251518,94.17808219178089,366000
100236.5139260743,141.26712328767044,366000
128886.97126618688,188.35616438355362,366000
157018.54565810654,235.4452054794477,366000
191219.71022240937,282.53424657535743,366000
