electricity_cost_usd_month,water_production_AF_month,fixed_cost_usd_month
24244.29247523425,0.2463785387683627,366000
52149.44210808212,47.08904109589061,366000
81288.24922200489,94.17808219177822,366000
109206.65748797602,141.26712328766922,366000
137311.11114604495,188.35616438355345,366000
166541.58613109638,235.4452054794507,366000
209859.5136158312,282.5342465753574,366000
