electricity_cost_usd_month,water_production_AF_month,fixed_cost_usd_month
29670.27930127455,0.2463785387683627,366000
47162.35082528616,47.08904109589035,366000
76836.75489093656,94.17808219178123,366000
107578.86843128402,141.26712328767024,366000
139537.30602308526,188.41798752310484,366000
169989.1547539717,235.44520547945285,366000
253273.51894500555,282.5342465753571,366000
