electricity_cost_usd_month,water_production_AF_month,fixed_cost_usd_month
18136.32841844739,0.2463785387683627,366000
33541.40765331556,47.089041095890614,366000
48903.21194605975,94.1780821917782,366000
64560.19084061367,141.26712328766544,366000
79901.221039997,188.35616438355368,366000
100041.27924733324,235.4452054794563,366000
158658.0960883758,282.53424657535203,366000
