water_production_AF_month,electricity_cost_usd_month,fixed_cost_usd_month
0.1527546940363846,349059.14050657646,366000
94.9752310171227,397715.2057867745,366000
196.28978183675588,443087.6140243011,366000
291.45595622142,490270.0556097441,366000
371.3084725289429,524571.1755637951,366000
464.1069491560448,565464.8083704365,366000
558.0128973149123,606884.3345348436,366000
649.7420910837681,647762.1730536486,366000
