electricity_cost_usd_month,water_production_AF_month,fixed_cost_usd_month
22706.792828417598,0.2463785387683627,366000
43845.00743319893,47.089041095890046,366000
79869.79309143903,94.17808219178055,366000
115931.13048303132,142.15357302104564,366000
151241.59004558236,188.36323673671174,366000
192254.26826284055,235.4452054794502,366000
226667.47220549788,282.53424657535766,366000
