electricity_cost_usd_month,water_production_AF_month,fixed_cost_usd_month
18142.282823270096,0.2463785387683627,366000
34052.03182387606,47.089041095890664,366000
50810.90976455537,94.17808219177962,366000
66729.78513595293,141.2671232876669,366000
82781.73220998918,188.35616438355297,366000
99455.0220551912,235.4452054794504,366000
139377.9567354223,282.5342465753575,366000
