electricity_cost_usd_month,water_production_AF_month,fixed_cost_usd_month
21558.96243920629,1.8067759509679933,366000
33501.49852570318,47.089041095890245,366000
69216.1119663151,94.17808219178046,366000
107946.95584467924,141.26712328766962,366000
140891.92651912314,188.3561643835515,366000
177065.6001587475,235.44520547944506,366000
216865.6090436738,282.53424657535766,366000
