electricity_cost_usd_month,water_production_AF_month,fixed_cost_usd_month
24320.70733712476,0.2463785387683627,366000
60640.55602752723,47.08904109588965,366000
96739.1771823414,94.17808219178252,366000
133479.44422840816,141.2671232876684,366000
168711.84351020618,188.4727383094976,366000
206612.80839914145,235.44520547945027,366000
242440.8177777499,282.53424657535396,366000
