electricity_cost_usd_month,water_production_AF_month,fixed_cost_usd_month
18340.29576187173,0.2463785387683627,366000
30502.440071624937,47.089041095890664,366000
42751.90221647976,94.17808219177998,366000
55159.332334024366,141.2671232876683,366000
67839.42794313235,188.35616438355976,366000
112718.23227178524,235.44520547945604,366000
166030.4035585066,282.5342465753553,366000
