electricity_cost_usd_month,water_production_AF_month,fixed_cost_usd_month
27803.554351862585,1.8067759509679933,366000
35932.07754164633,47.089041095890195,366000
58949.77293636335,94.17808219178117,366000
83530.08291259834,141.2671232876694,366000
108342.80004570087,188.35616438355626,366000
140472.32161707585,235.4452054794562,366000
242939.167958815,282.5342465753559,366000
