electricity_cost_usd_month,water_production_AF_month,fixed_cost_usd_month
10423.160287339198,0.2463785387683627,366000
25988.809726082927,47.08904109588965,366000
41367.70864835379,94.17808219177935,366000
57532.52958778055,143.35809032169126,366000
72269.0250004951,188.36323673671154,366000
88548.34645677502,235.4452054794506,366000
103903.20761903546,282.5342465753537,366000
