water_production_AF_month,electricity_cost_usd_month,fixed_cost_usd_month
0.21900314557187794,58779.06581526954,366000
53.81604696673205,91790.25064994158,366000
107.63209393346786,125117.46677087498,366000
161.448140900196,157836.8019790264,366000
215.2641878669267,192867.0060337984,366000
269.0802348336322,224286.7678130629,366000
322.89628180038466,265795.56124690425,366000
376.71232876710263,346549.0273289479,366000
