water_production_AF_month,electricity_cost_usd_month,fixed_cost_usd_month
0.21900314557187794,47563.36086034287,366000
53.81604696673209,71937.23779681457,366000
107.63209393346264,97124.55488496796,366000
161.44814090019304,128307.29690443314,366000
215.26418786692906,160959.3183671389,366000
269.08023483365554,195527.38550647264,366000
322.89628180037374,232565.184196088,366000
376.7123287671069,272798.97470303887,366000
