water_production_AF_month,electricity_cost_usd_month,fixed_cost_usd_month
0.26280377468625354,55133.79040855866,366000
64.57925636007921,82741.46475447124,366000
129.15851272015215,110919.56365741829,366000
193.73776908022978,145856.78543519255,366000
258.31702544030463,183381.82034353868,366000
322.8962818003766,221451.1565300506,366000
387.47553816047366,263255.0559075712,366000
452.05479452054254,309386.8554755436,366000
