water_production_AF_month,electricity_cost_usd_month,fixed_cost_usd_month
0.3942056620292632,100991.6149394162,366000
96.86888454011694,157777.62270690527,366000
193.73776908023729,211788.03595753483,366000
290.6066536203849,270049.6357145143,366000
394.59986769140886,325579.44301325013,366000
484.34442270063414,378891.2746395512,366000
581.2133072406975,446893.0370217018,366000
678.0821917807987,596345.523694709,366000
