electricity_cost_usd_month,water_production_AF_month,fixed_cost_usd_month
10337.727522492638,0.2463785387683627,366000
15917.740063975216,47.08904109589037,366000
21919.9991051949,96.73779570807757,366000
27446.344151236943,142.31142997902242,366000
33130.862402817234,188.35616438355376,366000
42272.05795386472,235.4452054794562,366000
84830.7579581492,282.5342465753559,366000
