electricity_cost_usd_month,water_production_AF_month,fixed_cost_usd_month
24453.727682495624,0.2463785387683627,366000
40597.81851631407,47.08904109589065,366000
57503.80041444074,94.17808219177795,366000
73571.90847134555,141.26712328766826,366000
90452.5705908428,188.3561643835598,366000
149408.5322778212,235.4452054794538,366000
221373.87141134145,282.5342465753553,366000
