electricity_cost_usd_month,water_production_AF_month,fixed_cost_usd_month
18535.702901241755,1.8067759509679933,366000
23954.718361097584,47.089041095890195,366000
39299.84862424221,94.17808219178117,366000
55686.72194173241,141.2671232876694,366000
72228.5333638007,188.35616438355652,366000
94040.1432327268,235.44520547945612,366000
161959.4453058764,282.5342465753559,366000
