electricity_cost_usd_month,water_production_AF_month,fixed_cost_usd_month
10301.46079587209,0.0,366000
26270.958065718445,47.99043304309763,366000
41763.4253160154,96.42640061046806,366000
58484.37191151852,142.63469555647458,366000
73085.95029198276,189.35217281593577,366000
88299.53845392744,235.46499607816943,366000
104298.39141728476,282.5643600727215,366000
