electricity_cost_usd_month,water_production_AF_month,fixed_cost_usd_month
39465.85360429064,0.0,366000
99388.16298310376,47.194835678324786,366000
163713.82638852796,94.58061472419509,366000
221948.18339047293,142.12551324301995,366000
279999.06730797613,189.35217281593577,366000
337719.69967348204,235.4649960781695,366000
399366.6560460511,282.56436007272157,366000
