water_production_AF_month,electricity_cost_usd_month,fixed_cost_usd_month
47.099363994552064,86641.1850291903,366000
94.23055188369504,128864.07868767882,366000
144.03494691847482,164976.814562205,366000
188.84299050248111,204164.41112902397,366000
235.46499607816943,248709.97499695647,366000
282.5643600727215,287981.36994126893,366000
