water_production_AF_month,electricity_cost_usd_month,fixed_cost_usd_month
56.519236793462454,85920.21042022771,366000
114.60420920079842,121141.51134806492,366000
172.8419363021707,150947.57080913807,366000
226.61158860297806,185959.3202389208,366000
282.557995293801,225785.59105409132,366000
339.07723208726753,260603.85156566,366000
