electricity_cost_usd_month,water_production_AF_month,fixed_cost_usd_month
10367.018756154295,0.2463785387683627,366000
19458.30389935781,47.089041095890686,366000
29034.805579745946,94.17808219177962,366000
38131.305791973,141.26712328766683,366000
47277.23755966862,188.35616438355302,366000
56831.441174394895,235.44520547945035,366000
78290.51906987719,282.5342465753574,366000
