electricity_cost_usd_month,water_production_AF_month,fixed_cost_usd_month
43930.20639118543,0.2463785387683627,366000
81565.18532536965,47.08904109589004,366000
126107.24338429538,94.1780821917809,366000
171850.6550359079,141.26712328766916,366000
218682.53552113497,188.35616438355612,366000
264656.9409967911,235.44520547944762,366000
329087.4445665997,282.53424657535766,366000
