electricity_cost_usd_month,water_production_AF_month,fixed_cost_usd_month
24036.74185703478,0.0,366000
61298.90215334337,47.99043304309763,366000
97447.99240403617,96.42640061046806,366000
136463.53446020966,142.63469555647458,366000
170533.8840146267,189.35217281593577,366000
206032.25639249728,235.46499607816943,366000
243362.9133069976,282.5643600727215,366000
