electricity_cost_usd_month,water_production_AF_month,fixed_cost_usd_month
42062.29134141508,0.0,366000
106252.43485492226,47.194835678324786,366000
173607.48907505692,94.58061472419509,366000
236157.6334042212,142.12551324301995,366000
298420.0585782382,189.35217281593577,366000
360164.5892729867,235.4649960781695,366000
425189.11833642353,282.56436007272157,366000
