electricity_cost_usd_month,water_production_AF_month,fixed_cost_usd_month
27761.622805034676,0.2463785387683627,366000
38924.26003361393,47.08904109589038,366000
57838.795644818965,94.17808219178123,366000
77432.53491607623,141.2671232876703,366000
97821.75578705884,188.41798752310484,366000
117240.32599226176,235.4452054794527,366000
211852.50177256129,282.5342465753573,366000
