electricity_cost_usd_month,water_production_AF_month,fixed_cost_usd_month
18091.02316436215,0.2463785387683627,366000
27845.53682533025,47.089041095890515,366000
37742.57378447439,94.17808219177843,366000
47693.542541365874,141.2671232876655,366000
57979.00920493024,188.35616438355385,366000
73976.10142587216,235.4452054794562,366000
148453.8264267609,282.5342465753559,366000
