water_production_AF_month,electricity_cost_usd_month,fixed_cost_usd_month
0.0763773470181924,232014.351048914,366000
108.6849648068881,288010.1535675127,366000
226.5352112559542,335695.4354512451,366000
339.91738290446074,389702.94947161584,366000
433.1741236136824,433067.96904713695,366000
