electricity_cost_usd_month,water_production_AF_month,fixed_cost_usd_month
32338.443658809392,1.8067759509679933,366000
50252.24778855474,47.08904109589024,366000
103824.16794947282,94.17808219178038,366000
158881.57031995966,141.26712328766794,366000
211337.8897786837,188.35616438355166,366000
265598.4002381195,235.44520547944498,366000
325298.4135655093,282.53424657535766,366000
