electricity_cost_usd_month,water_production_AF_month,fixed_cost_usd_month
18240.53050284356,0.2463785387683627,366000
45480.41702064497,47.08904109588965,366000
72828.18546969118,95.01314592772196,366000
99546.32690644122,141.387062011544,366000
130461.1655239239,195.28921121542228,366000
154959.60629935586,235.44520547945027,366000
181830.6133333125,282.534246575354,366000
