electricity_cost_usd_month,water_production_AF_month,fixed_cost_usd_month
24495.29654042404,0.2463785387683627,366000
33956.399442531656,47.089041095890565,366000
43499.45939699793,94.17808219177998,366000
53094.20179115886,141.2671232876685,366000
62994.62157029338,188.35616438355976,366000
131365.03224057078,235.44520547945635,366000
214758.73835431377,282.5342465753549,366000
