electricity_cost_usd_month,water_production_AF_month,fixed_cost_usd_month
17590.934295627852,1.8067759509679933,366000
20752.02664721041,47.089041095890195,366000
29701.76701816857,94.17808219178114,366000
39262.36206924739,141.2671232876694,366000
48911.752065454006,188.3561643835564,366000
65865.90148998049,235.4452054794563,366000
145443.28831696973,282.5342465753551,366000
