water_production_AF_month,electricity_cost_usd_month,fixed_cost_usd_month
47.08904109589066,75086.01943005116,366000
94.17808219177985,106459.10096676696,366000
141.26712328766536,137790.96079700248,366000
188.35616438355632,169129.44652770026,366000
235.4452054794556,202742.12993828589,366000
282.5342465753559,263776.55930149416,366000
