water_production_AF_month,electricity_cost_usd_month,fixed_cost_usd_month
56.50684931506848,85710.09255183462,366000
113.0136986301491,119249.85270035964,366000
169.77123844731986,152198.92802261052,366000
226.027397260279,188576.6944383972,366000
282.5342465753359,228644.93481756063,366000
339.0410958903957,295925.6567387164,366000
