water_production_AF_month,electricity_cost_usd_month,fixed_cost_usd_month
0.26280377468625354,68593.04455698027,366000
64.57925636007823,105762.79238075654,366000
129.1585127201512,144682.22212062942,366000
193.73776908022793,181659.60063320768,366000
258.3170254403171,219737.1859525528,366000
322.89628180042246,254944.3149532539,366000
387.47553816045337,302223.10386838106,366000
452.05479452052936,392507.3053340304,366000
