electricity_cost_usd_month,water_production_AF_month,fixed_cost_usd_month
18240.530502843558,0.2463785387683627,366000
45480.41702064496,47.08904109588965,366000
72619.39313768153,94.17808219178075,366000
100681.92677861564,143.35809032169126,366000
126467.30703192914,188.3561643835474,366000
154959.60629935598,235.4452054794506,366000
181830.61333331256,282.5342465753543,366000
