electricity_cost_usd_month,water_production_AF_month,fixed_cost_usd_month
35512.71230046281,0.2463785387683627,366000
81108.33587099874,47.0890410958899,366000
135778.8479676844,94.17808219178146,366000
188837.7014593873,141.26712328766632,366000
242667.6287328576,188.50011370269414,366000
301304.0885169306,235.44520547945004,366000
353134.4087407049,282.53424657535396,366000
