electricity_cost_usd_month,water_production_AF_month,fixed_cost_usd_month
10480.169006783832,0.2463785387683627,366000
17429.965755214176,47.08904109589067,366000
24449.7685169197,94.17808219177998,366000
31519.959891179336,141.26712328766823,366000
38765.38739607555,188.3561643835598,366000
64093.25284524566,235.44520547945268,366000
94874.51631914655,282.5342465753553,366000
