electricity_cost_usd_month,water_production_AF_month,fixed_cost_usd_month
39719.3633598037,1.8067759509679933,366000
51331.53934520912,47.089041095890195,366000
84212.01976720105,94.17808219178116,366000
119328.6898751406,141.2671232876694,366000
154775.4286367153,188.356164383556,366000
201514.5926415572,235.44520547945606,366000
347055.954226878,282.5342465753559,366000
