water_production_AF_month,electricity_cost_usd_month,fixed_cost_usd_month
0.2291320410545768,466101.9299642384,366000
225.73324911226885,573470.4301476966,366000
433.1741236136777,668817.2304290669,366000
650.0857891453446,765914.2807350425,366000
866.3100585538522,862984.8008721698,366000
